{"count":1,"self":13.3685184,"total":155.569076,"children":{"InitializeSensors":{"count":1,"self":0.001602,"total":0.001602,"children":null},"AgentSendState":{"count":29584,"self":0.177338,"total":0.684269,"children":{"CollectObservations":{"count":6057,"self":0.19796999999999998,"total":0.19796999999999998,"children":null},"CollectDiscreteActionMasks":{"count":6057,"self":0.013222,"total":0.013222,"children":null},"RequestDecision":{"count":6057,"self":0.08774499999999999,"total":0.295739,"children":{"AgentInfo.ToProto":{"count":6057,"self":0.045021,"total":0.20799399999999998,"children":{"GenerateSensorData":{"count":6057,"self":0.16297299999999998,"total":0.16297299999999998,"children":null}}}}}}},"DecideAction":{"count":29584,"self":141.1496832,"total":141.149681,"children":null},"AgentAct":{"count":29584,"self":0.34685299999999997,"total":0.34685299999999997,"children":null},"AgentInfo.ToProto":{"count":352,"self":0.0031439999999999997,"total":0.01537,"children":{"GenerateSensorData":{"count":352,"self":0.012225999999999999,"total":0.012225999999999999,"children":null}}}},"gauges":{"WalkerDynamic.CumulativeReward":{"count":352,"max":15.1610374,"min":0.6187079,"runningAverage":5.3798914,"value":7.89442348,"weightedAverage":6.160903}},"metadata":{"timer_format_version":"0.1.0","start_time_seconds":"1593181968","unity_version":"2019.4.0f1","command_line_arguments":"\/Users\/franciscoramos\/Personal\/Hindsight-Experience-Replay\/.\/envs\/Walker_with_Goal.app\/Contents\/MacOS\/UnityEnvironment -nographics -batchmode --mlagents-port 5005","communication_protocol_version":"1.0.0","com.unity.ml-agents_version":"1.1.0-preview","scene_name":"WalkerDynamic","end_time_seconds":"1593182124"}}